{"cameraMode":{"drawMode":0,"name":"Shaded","section":"Shading Mode"},"sceneLighting":false,"audioPlay":false,"sceneViewState":{"showFog":true,"showMaterialUpdate":false,"showSkybox":true,"showFlares":true,"showImageEffects":true,"showParticleSystems":true},"in2DMode":false,"pivot":{"x":2.9802322387695315e-8,"y":-0.12000000476837158,"z":-5.860000133514404},"rotation":{"x":0.4248156249523163,"y":0.31462302803993227,"z":-0.1603345274925232,"w":0.8335687518119812},"size":1.4289517402648926,"orthographic":false}